-- Respaldo de acerautos_db
-- Fecha: 2026-03-12 19:52:10
-- Tipo: Completo (Estructura + Datos)

-- MySQL dump 10.13  Distrib 8.0.45, for Win64 (x86_64)
--
-- Host: localhost    Database: acerautos_db
-- ------------------------------------------------------
-- Server version	8.0.45

/*!40101 SET @OLD_CHARACTER_SET_CLIENT=@@CHARACTER_SET_CLIENT */;
/*!40101 SET @OLD_CHARACTER_SET_RESULTS=@@CHARACTER_SET_RESULTS */;
/*!40101 SET @OLD_COLLATION_CONNECTION=@@COLLATION_CONNECTION */;
/*!50503 SET NAMES utf8mb4 */;
/*!40103 SET @OLD_TIME_ZONE=@@TIME_ZONE */;
/*!40103 SET TIME_ZONE='+00:00' */;
/*!40014 SET @OLD_UNIQUE_CHECKS=@@UNIQUE_CHECKS, UNIQUE_CHECKS=0 */;
/*!40014 SET @OLD_FOREIGN_KEY_CHECKS=@@FOREIGN_KEY_CHECKS, FOREIGN_KEY_CHECKS=0 */;
/*!40101 SET @OLD_SQL_MODE=@@SQL_MODE, SQL_MODE='NO_AUTO_VALUE_ON_ZERO' */;
/*!40111 SET @OLD_SQL_NOTES=@@SQL_NOTES, SQL_NOTES=0 */;

--
-- Table structure for table `auth_group`
--

DROP TABLE IF EXISTS `auth_group`;
/*!40101 SET @saved_cs_client     = @@character_set_client */;
/*!50503 SET character_set_client = utf8mb4 */;
CREATE TABLE `auth_group` (
  `id` int NOT NULL AUTO_INCREMENT,
  `name` varchar(150) CHARACTER SET utf8mb4 COLLATE utf8mb4_unicode_ci NOT NULL,
  PRIMARY KEY (`id`),
  UNIQUE KEY `name` (`name`)
) ENGINE=InnoDB DEFAULT CHARSET=utf8mb4 COLLATE=utf8mb4_unicode_ci;
/*!40101 SET character_set_client = @saved_cs_client */;

--
-- Dumping data for table `auth_group`
--

LOCK TABLES `auth_group` WRITE;
/*!40000 ALTER TABLE `auth_group` DISABLE KEYS */;
/*!40000 ALTER TABLE `auth_group` ENABLE KEYS */;
UNLOCK TABLES;

--
-- Table structure for table `auth_group_permissions`
--

DROP TABLE IF EXISTS `auth_group_permissions`;
/*!40101 SET @saved_cs_client     = @@character_set_client */;
/*!50503 SET character_set_client = utf8mb4 */;
CREATE TABLE `auth_group_permissions` (
  `id` bigint NOT NULL AUTO_INCREMENT,
  `group_id` int NOT NULL,
  `permission_id` int NOT NULL,
  PRIMARY KEY (`id`),
  UNIQUE KEY `auth_group_permissions_group_id_permission_id_0cd325b0_uniq` (`group_id`,`permission_id`),
  KEY `auth_group_permissio_permission_id_84c5c92e_fk_auth_perm` (`permission_id`),
  CONSTRAINT `auth_group_permissio_permission_id_84c5c92e_fk_auth_perm` FOREIGN KEY (`permission_id`) REFERENCES `auth_permission` (`id`),
  CONSTRAINT `auth_group_permissions_group_id_b120cbf9_fk_auth_group_id` FOREIGN KEY (`group_id`) REFERENCES `auth_group` (`id`)
) ENGINE=InnoDB DEFAULT CHARSET=utf8mb4 COLLATE=utf8mb4_unicode_ci;
/*!40101 SET character_set_client = @saved_cs_client */;

--
-- Dumping data for table `auth_group_permissions`
--

LOCK TABLES `auth_group_permissions` WRITE;
/*!40000 ALTER TABLE `auth_group_permissions` DISABLE KEYS */;
/*!40000 ALTER TABLE `auth_group_permissions` ENABLE KEYS */;
UNLOCK TABLES;

--
-- Table structure for table `auth_permission`
--

DROP TABLE IF EXISTS `auth_permission`;
/*!40101 SET @saved_cs_client     = @@character_set_client */;
/*!50503 SET character_set_client = utf8mb4 */;
CREATE TABLE `auth_permission` (
  `id` int NOT NULL AUTO_INCREMENT,
  `name` varchar(255) CHARACTER SET utf8mb4 COLLATE utf8mb4_unicode_ci NOT NULL,
  `content_type_id` int NOT NULL,
  `codename` varchar(100) CHARACTER SET utf8mb4 COLLATE utf8mb4_unicode_ci NOT NULL,
  PRIMARY KEY (`id`),
  UNIQUE KEY `auth_permission_content_type_id_codename_01ab375a_uniq` (`content_type_id`,`codename`),
  CONSTRAINT `auth_permission_content_type_id_2f476e4b_fk_django_co` FOREIGN KEY (`content_type_id`) REFERENCES `django_content_type` (`id`)
) ENGINE=InnoDB AUTO_INCREMENT=81 DEFAULT CHARSET=utf8mb4 COLLATE=utf8mb4_unicode_ci;
/*!40101 SET character_set_client = @saved_cs_client */;

--
-- Dumping data for table `auth_permission`
--

LOCK TABLES `auth_permission` WRITE;
/*!40000 ALTER TABLE `auth_permission` DISABLE KEYS */;
INSERT INTO `auth_permission` VALUES (1,'Can add log entry',1,'add_logentry'),(2,'Can change log entry',1,'change_logentry'),(3,'Can delete log entry',1,'delete_logentry'),(4,'Can view log entry',1,'view_logentry'),(5,'Can add permission',3,'add_permission'),(6,'Can change permission',3,'change_permission'),(7,'Can delete permission',3,'delete_permission'),(8,'Can view permission',3,'view_permission'),(9,'Can add group',2,'add_group'),(10,'Can change group',2,'change_group'),(11,'Can delete group',2,'delete_group'),(12,'Can view group',2,'view_group'),(13,'Can add content type',4,'add_contenttype'),(14,'Can change content type',4,'change_contenttype'),(15,'Can delete content type',4,'delete_contenttype'),(16,'Can view content type',4,'view_contenttype'),(17,'Can add session',5,'add_session'),(18,'Can change session',5,'change_session'),(19,'Can delete session',5,'delete_session'),(20,'Can view session',5,'view_session'),(21,'Can add caja',6,'add_caja'),(22,'Can change caja',6,'change_caja'),(23,'Can delete caja',6,'delete_caja'),(24,'Can view caja',6,'view_caja'),(25,'Can add cliente',7,'add_cliente'),(26,'Can change cliente',7,'change_cliente'),(27,'Can delete cliente',7,'delete_cliente'),(28,'Can view cliente',7,'view_cliente'),(29,'Can add Empleado',11,'add_empleado'),(30,'Can change Empleado',11,'change_empleado'),(31,'Can delete Empleado',11,'delete_empleado'),(32,'Can view Empleado',11,'view_empleado'),(33,'Can add marca',13,'add_marca'),(34,'Can change marca',13,'change_marca'),(35,'Can delete marca',13,'delete_marca'),(36,'Can view marca',13,'view_marca'),(37,'Can add proveedor',17,'add_proveedor'),(38,'Can change proveedor',17,'change_proveedor'),(39,'Can delete proveedor',17,'delete_proveedor'),(40,'Can view proveedor',17,'view_proveedor'),(41,'Can add tipo servicio',18,'add_tiposervicio'),(42,'Can change tipo servicio',18,'change_tiposervicio'),(43,'Can delete tipo servicio',18,'delete_tiposervicio'),(44,'Can view tipo servicio',18,'view_tiposervicio'),(45,'Can add Usuario del Sistema',19,'add_usuariosistema'),(46,'Can change Usuario del Sistema',19,'change_usuariosistema'),(47,'Can delete Usuario del Sistema',19,'delete_usuariosistema'),(48,'Can view Usuario del Sistema',19,'view_usuariosistema'),(49,'Can add orden servicio',15,'add_ordenservicio'),(50,'Can change orden servicio',15,'change_ordenservicio'),(51,'Can delete orden servicio',15,'delete_ordenservicio'),(52,'Can view orden servicio',15,'view_ordenservicio'),(53,'Can add producto',16,'add_producto'),(54,'Can change producto',16,'change_producto'),(55,'Can delete producto',16,'delete_producto'),(56,'Can view producto',16,'view_producto'),(57,'Can add factura',12,'add_factura'),(58,'Can change factura',12,'change_factura'),(59,'Can delete factura',12,'delete_factura'),(60,'Can view factura',12,'view_factura'),(61,'Can add detalle orden producto',10,'add_detalleordenproducto'),(62,'Can change detalle orden producto',10,'change_detalleordenproducto'),(63,'Can delete detalle orden producto',10,'delete_detalleordenproducto'),(64,'Can view detalle orden producto',10,'view_detalleordenproducto'),(65,'Can add compra',9,'add_compra'),(66,'Can change compra',9,'change_compra'),(67,'Can delete compra',9,'delete_compra'),(68,'Can view compra',9,'view_compra'),(69,'Can add vehiculo',20,'add_vehiculo'),(70,'Can change vehiculo',20,'change_vehiculo'),(71,'Can delete vehiculo',20,'delete_vehiculo'),(72,'Can view vehiculo',20,'view_vehiculo'),(73,'Can add notificacion',14,'add_notificacion'),(74,'Can change notificacion',14,'change_notificacion'),(75,'Can delete notificacion',14,'delete_notificacion'),(76,'Can view notificacion',14,'view_notificacion'),(77,'Can add compatibilidad producto',8,'add_compatibilidadproducto'),(78,'Can change compatibilidad producto',8,'change_compatibilidadproducto'),(79,'Can delete compatibilidad producto',8,'delete_compatibilidadproducto'),(80,'Can view compatibilidad producto',8,'view_compatibilidadproducto');
/*!40000 ALTER TABLE `auth_permission` ENABLE KEYS */;
UNLOCK TABLES;

--
-- Table structure for table `caja`
--

DROP TABLE IF EXISTS `caja`;
/*!40101 SET @saved_cs_client     = @@character_set_client */;
/*!50503 SET character_set_client = utf8mb4 */;
CREATE TABLE `caja` (
  `id` bigint NOT NULL AUTO_INCREMENT,
  `descripcion` varchar(255) CHARACTER SET utf8mb4 COLLATE utf8mb4_unicode_ci NOT NULL,
  `monto` decimal(12,2) NOT NULL,
  `tipo` varchar(10) CHARACTER SET utf8mb4 COLLATE utf8mb4_unicode_ci NOT NULL,
  `fecha` datetime(6) NOT NULL,
  `categoria` varchar(20) CHARACTER SET utf8mb4 COLLATE utf8mb4_unicode_ci NOT NULL,
  `metodo_pago` varchar(20) CHARACTER SET utf8mb4 COLLATE utf8mb4_unicode_ci NOT NULL,
  `comprobante` varchar(100) CHARACTER SET utf8mb4 COLLATE utf8mb4_unicode_ci DEFAULT NULL,
  `observaciones` longtext CHARACTER SET utf8mb4 COLLATE utf8mb4_unicode_ci,
  PRIMARY KEY (`id`)
) ENGINE=InnoDB AUTO_INCREMENT=3 DEFAULT CHARSET=utf8mb4 COLLATE=utf8mb4_unicode_ci;
/*!40101 SET character_set_client = @saved_cs_client */;

--
-- Dumping data for table `caja`
--

LOCK TABLES `caja` WRITE;
/*!40000 ALTER TABLE `caja` DISABLE KEYS */;
INSERT INTO `caja` VALUES (1,'Compra Factura 123456789',2000000.00,'EGRESO','2026-03-13 00:32:42.724860','Proveedores','Efectivo','',NULL),(2,'Factura 12345678 — Venta de Producto',2975000.00,'INGRESO','2026-03-13 00:42:18.398681','Ventas','Daviplata','',NULL);
/*!40000 ALTER TABLE `caja` ENABLE KEYS */;
UNLOCK TABLES;

--
-- Table structure for table `cliente`
--

DROP TABLE IF EXISTS `cliente`;
/*!40101 SET @saved_cs_client     = @@character_set_client */;
/*!50503 SET character_set_client = utf8mb4 */;
CREATE TABLE `cliente` (
  `id` bigint NOT NULL AUTO_INCREMENT,
  `nombre` varchar(150) CHARACTER SET utf8mb4 COLLATE utf8mb4_unicode_ci NOT NULL,
  `tipo_documento` varchar(3) CHARACTER SET utf8mb4 COLLATE utf8mb4_unicode_ci NOT NULL,
  `numero_documento` varchar(20) CHARACTER SET utf8mb4 COLLATE utf8mb4_unicode_ci NOT NULL,
  `telefono` varchar(20) CHARACTER SET utf8mb4 COLLATE utf8mb4_unicode_ci NOT NULL,
  `email` varchar(254) CHARACTER SET utf8mb4 COLLATE utf8mb4_unicode_ci DEFAULT NULL,
  PRIMARY KEY (`id`),
  UNIQUE KEY `numero_documento` (`numero_documento`)
) ENGINE=InnoDB AUTO_INCREMENT=2 DEFAULT CHARSET=utf8mb4 COLLATE=utf8mb4_unicode_ci;
/*!40101 SET character_set_client = @saved_cs_client */;

--
-- Dumping data for table `cliente`
--

LOCK TABLES `cliente` WRITE;
/*!40000 ALTER TABLE `cliente` DISABLE KEYS */;
INSERT INTO `cliente` VALUES (1,'pepe','CC','1054283661','+573107928074','danielmelomolinamolina@gmail.com');
/*!40000 ALTER TABLE `cliente` ENABLE KEYS */;
UNLOCK TABLES;

--
-- Table structure for table `compatibilidad_producto`
--

DROP TABLE IF EXISTS `compatibilidad_producto`;
/*!40101 SET @saved_cs_client     = @@character_set_client */;
/*!50503 SET character_set_client = utf8mb4 */;
CREATE TABLE `compatibilidad_producto` (
  `id` bigint NOT NULL AUTO_INCREMENT,
  `marca_vehiculo_id` bigint NOT NULL,
  `producto_id` bigint NOT NULL,
  `tipo_servicio_id` bigint DEFAULT NULL,
  PRIMARY KEY (`id`),
  UNIQUE KEY `compatibilidad_producto_producto_id_marca_vehicu_0b706a94_uniq` (`producto_id`,`marca_vehiculo_id`,`tipo_servicio_id`),
  KEY `compatibilidad_producto_marca_vehiculo_id_50d58ec7_fk_marca_id` (`marca_vehiculo_id`),
  KEY `compatibilidad_produ_tipo_servicio_id_905e4d0f_fk_tipo_serv` (`tipo_servicio_id`),
  CONSTRAINT `compatibilidad_produ_tipo_servicio_id_905e4d0f_fk_tipo_serv` FOREIGN KEY (`tipo_servicio_id`) REFERENCES `tipo_servicio` (`id`),
  CONSTRAINT `compatibilidad_producto_marca_vehiculo_id_50d58ec7_fk_marca_id` FOREIGN KEY (`marca_vehiculo_id`) REFERENCES `marca` (`id`),
  CONSTRAINT `compatibilidad_producto_producto_id_9bfe011d_fk_producto_id` FOREIGN KEY (`producto_id`) REFERENCES `producto` (`id`)
) ENGINE=InnoDB AUTO_INCREMENT=2 DEFAULT CHARSET=utf8mb4 COLLATE=utf8mb4_unicode_ci;
/*!40101 SET character_set_client = @saved_cs_client */;

--
-- Dumping data for table `compatibilidad_producto`
--

LOCK TABLES `compatibilidad_producto` WRITE;
/*!40000 ALTER TABLE `compatibilidad_producto` DISABLE KEYS */;
INSERT INTO `compatibilidad_producto` VALUES (1,1,1,1);
/*!40000 ALTER TABLE `compatibilidad_producto` ENABLE KEYS */;
UNLOCK TABLES;

--
-- Table structure for table `compra`
--

DROP TABLE IF EXISTS `compra`;
/*!40101 SET @saved_cs_client     = @@character_set_client */;
/*!50503 SET character_set_client = utf8mb4 */;
CREATE TABLE `compra` (
  `id` bigint NOT NULL AUTO_INCREMENT,
  `cantidad` int NOT NULL,
  `fecha` datetime(6) NOT NULL,
  `num_factura_proveedor` varchar(50) CHARACTER SET utf8mb4 COLLATE utf8mb4_unicode_ci NOT NULL,
  `metodo_pago` varchar(20) CHARACTER SET utf8mb4 COLLATE utf8mb4_unicode_ci NOT NULL,
  `total_pagado` decimal(12,2) NOT NULL,
  `producto_id` bigint NOT NULL,
  `proveedor_id` bigint NOT NULL,
  PRIMARY KEY (`id`),
  UNIQUE KEY `num_factura_proveedor` (`num_factura_proveedor`),
  KEY `compra_producto_id_ab4e0151_fk_producto_id` (`producto_id`),
  KEY `compra_proveedor_id_11336635_fk_proveedor_id` (`proveedor_id`),
  CONSTRAINT `compra_producto_id_ab4e0151_fk_producto_id` FOREIGN KEY (`producto_id`) REFERENCES `producto` (`id`),
  CONSTRAINT `compra_proveedor_id_11336635_fk_proveedor_id` FOREIGN KEY (`proveedor_id`) REFERENCES `proveedor` (`id`)
) ENGINE=InnoDB AUTO_INCREMENT=2 DEFAULT CHARSET=utf8mb4 COLLATE=utf8mb4_unicode_ci;
/*!40101 SET character_set_client = @saved_cs_client */;

--
-- Dumping data for table `compra`
--

LOCK TABLES `compra` WRITE;
/*!40000 ALTER TABLE `compra` DISABLE KEYS */;
INSERT INTO `compra` VALUES (1,5000,'2026-03-14 00:31:36.000000','123456789','Efectivo',2000000.00,1,1);
/*!40000 ALTER TABLE `compra` ENABLE KEYS */;
UNLOCK TABLES;

--
-- Table structure for table `detalle_orden_producto`
--

DROP TABLE IF EXISTS `detalle_orden_producto`;
/*!40101 SET @saved_cs_client     = @@character_set_client */;
/*!50503 SET character_set_client = utf8mb4 */;
CREATE TABLE `detalle_orden_producto` (
  `id` bigint NOT NULL AUTO_INCREMENT,
  `cantidad` int unsigned NOT NULL,
  `orden_id` bigint NOT NULL,
  `producto_id` bigint NOT NULL,
  PRIMARY KEY (`id`),
  KEY `detalle_orden_producto_orden_id_c0323597_fk_orden_servicio_id` (`orden_id`),
  KEY `detalle_orden_producto_producto_id_4b1655ab_fk_producto_id` (`producto_id`),
  CONSTRAINT `detalle_orden_producto_orden_id_c0323597_fk_orden_servicio_id` FOREIGN KEY (`orden_id`) REFERENCES `orden_servicio` (`id`),
  CONSTRAINT `detalle_orden_producto_producto_id_4b1655ab_fk_producto_id` FOREIGN KEY (`producto_id`) REFERENCES `producto` (`id`),
  CONSTRAINT `detalle_orden_producto_chk_1` CHECK ((`cantidad` >= 0))
) ENGINE=InnoDB AUTO_INCREMENT=3 DEFAULT CHARSET=utf8mb4 COLLATE=utf8mb4_unicode_ci;
/*!40101 SET character_set_client = @saved_cs_client */;

--
-- Dumping data for table `detalle_orden_producto`
--

LOCK TABLES `detalle_orden_producto` WRITE;
/*!40000 ALTER TABLE `detalle_orden_producto` DISABLE KEYS */;
INSERT INTO `detalle_orden_producto` VALUES (1,50,1,1),(2,500,1,1);
/*!40000 ALTER TABLE `detalle_orden_producto` ENABLE KEYS */;
UNLOCK TABLES;

--
-- Table structure for table `django_admin_log`
--

DROP TABLE IF EXISTS `django_admin_log`;
/*!40101 SET @saved_cs_client     = @@character_set_client */;
/*!50503 SET character_set_client = utf8mb4 */;
CREATE TABLE `django_admin_log` (
  `id` int NOT NULL AUTO_INCREMENT,
  `action_time` datetime(6) NOT NULL,
  `object_id` longtext CHARACTER SET utf8mb4 COLLATE utf8mb4_unicode_ci,
  `object_repr` varchar(200) CHARACTER SET utf8mb4 COLLATE utf8mb4_unicode_ci NOT NULL,
  `action_flag` smallint unsigned NOT NULL,
  `change_message` longtext CHARACTER SET utf8mb4 COLLATE utf8mb4_unicode_ci NOT NULL,
  `content_type_id` int DEFAULT NULL,
  `user_id` bigint NOT NULL,
  PRIMARY KEY (`id`),
  KEY `django_admin_log_content_type_id_c4bce8eb_fk_django_co` (`content_type_id`),
  KEY `django_admin_log_user_id_c564eba6_fk_usuario_sistema_id` (`user_id`),
  CONSTRAINT `django_admin_log_content_type_id_c4bce8eb_fk_django_co` FOREIGN KEY (`content_type_id`) REFERENCES `django_content_type` (`id`),
  CONSTRAINT `django_admin_log_user_id_c564eba6_fk_usuario_sistema_id` FOREIGN KEY (`user_id`) REFERENCES `usuario_sistema` (`id`),
  CONSTRAINT `django_admin_log_chk_1` CHECK ((`action_flag` >= 0))
) ENGINE=InnoDB DEFAULT CHARSET=utf8mb4 COLLATE=utf8mb4_unicode_ci;
/*!40101 SET character_set_client = @saved_cs_client */;

--
-- Dumping data for table `django_admin_log`
--

LOCK TABLES `django_admin_log` WRITE;
/*!40000 ALTER TABLE `django_admin_log` DISABLE KEYS */;
/*!40000 ALTER TABLE `django_admin_log` ENABLE KEYS */;
UNLOCK TABLES;

--
-- Table structure for table `django_content_type`
--

DROP TABLE IF EXISTS `django_content_type`;
/*!40101 SET @saved_cs_client     = @@character_set_client */;
/*!50503 SET character_set_client = utf8mb4 */;
CREATE TABLE `django_content_type` (
  `id` int NOT NULL AUTO_INCREMENT,
  `app_label` varchar(100) CHARACTER SET utf8mb4 COLLATE utf8mb4_unicode_ci NOT NULL,
  `model` varchar(100) CHARACTER SET utf8mb4 COLLATE utf8mb4_unicode_ci NOT NULL,
  PRIMARY KEY (`id`),
  UNIQUE KEY `django_content_type_app_label_model_76bd3d3b_uniq` (`app_label`,`model`)
) ENGINE=InnoDB AUTO_INCREMENT=21 DEFAULT CHARSET=utf8mb4 COLLATE=utf8mb4_unicode_ci;
/*!40101 SET character_set_client = @saved_cs_client */;

--
-- Dumping data for table `django_content_type`
--

LOCK TABLES `django_content_type` WRITE;
/*!40000 ALTER TABLE `django_content_type` DISABLE KEYS */;
INSERT INTO `django_content_type` VALUES (1,'admin','logentry'),(6,'app','caja'),(7,'app','cliente'),(8,'app','compatibilidadproducto'),(9,'app','compra'),(10,'app','detalleordenproducto'),(11,'app','empleado'),(12,'app','factura'),(13,'app','marca'),(14,'app','notificacion'),(15,'app','ordenservicio'),(16,'app','producto'),(17,'app','proveedor'),(18,'app','tiposervicio'),(19,'app','usuariosistema'),(20,'app','vehiculo'),(2,'auth','group'),(3,'auth','permission'),(4,'contenttypes','contenttype'),(5,'sessions','session');
/*!40000 ALTER TABLE `django_content_type` ENABLE KEYS */;
UNLOCK TABLES;

--
-- Table structure for table `django_migrations`
--

DROP TABLE IF EXISTS `django_migrations`;
/*!40101 SET @saved_cs_client     = @@character_set_client */;
/*!50503 SET character_set_client = utf8mb4 */;
CREATE TABLE `django_migrations` (
  `id` bigint NOT NULL AUTO_INCREMENT,
  `app` varchar(255) CHARACTER SET utf8mb4 COLLATE utf8mb4_unicode_ci NOT NULL,
  `name` varchar(255) CHARACTER SET utf8mb4 COLLATE utf8mb4_unicode_ci NOT NULL,
  `applied` datetime(6) NOT NULL,
  PRIMARY KEY (`id`)
) ENGINE=InnoDB AUTO_INCREMENT=20 DEFAULT CHARSET=utf8mb4 COLLATE=utf8mb4_unicode_ci;
/*!40101 SET character_set_client = @saved_cs_client */;

--
-- Dumping data for table `django_migrations`
--

LOCK TABLES `django_migrations` WRITE;
/*!40000 ALTER TABLE `django_migrations` DISABLE KEYS */;
INSERT INTO `django_migrations` VALUES (1,'contenttypes','0001_initial','2026-03-13 00:06:09.606564'),(2,'contenttypes','0002_remove_content_type_name','2026-03-13 00:06:09.717783'),(3,'auth','0001_initial','2026-03-13 00:06:10.052568'),(4,'auth','0002_alter_permission_name_max_length','2026-03-13 00:06:10.135338'),(5,'auth','0003_alter_user_email_max_length','2026-03-13 00:06:10.142716'),(6,'auth','0004_alter_user_username_opts','2026-03-13 00:06:10.149684'),(7,'auth','0005_alter_user_last_login_null','2026-03-13 00:06:10.158797'),(8,'auth','0006_require_contenttypes_0002','2026-03-13 00:06:10.162679'),(9,'auth','0007_alter_validators_add_error_messages','2026-03-13 00:06:10.172586'),(10,'auth','0008_alter_user_username_max_length','2026-03-13 00:06:10.179778'),(11,'auth','0009_alter_user_last_name_max_length','2026-03-13 00:06:10.187150'),(12,'auth','0010_alter_group_name_max_length','2026-03-13 00:06:10.213353'),(13,'auth','0011_update_proxy_permissions','2026-03-13 00:06:10.225637'),(14,'auth','0012_alter_user_first_name_max_length','2026-03-13 00:06:10.237866'),(15,'app','0001_initial','2026-03-13 00:06:12.066954'),(16,'admin','0001_initial','2026-03-13 00:06:12.206832'),(17,'admin','0002_logentry_remove_auto_add','2026-03-13 00:06:12.213249'),(18,'admin','0003_logentry_add_action_flag_choices','2026-03-13 00:06:12.221659'),(19,'sessions','0001_initial','2026-03-13 00:06:12.258971');
/*!40000 ALTER TABLE `django_migrations` ENABLE KEYS */;
UNLOCK TABLES;

--
-- Table structure for table `django_session`
--

DROP TABLE IF EXISTS `django_session`;
/*!40101 SET @saved_cs_client     = @@character_set_client */;
/*!50503 SET character_set_client = utf8mb4 */;
CREATE TABLE `django_session` (
  `session_key` varchar(40) CHARACTER SET utf8mb4 COLLATE utf8mb4_unicode_ci NOT NULL,
  `session_data` longtext CHARACTER SET utf8mb4 COLLATE utf8mb4_unicode_ci NOT NULL,
  `expire_date` datetime(6) NOT NULL,
  PRIMARY KEY (`session_key`),
  KEY `django_session_expire_date_a5c62663` (`expire_date`)
) ENGINE=InnoDB DEFAULT CHARSET=utf8mb4 COLLATE=utf8mb4_unicode_ci;
/*!40101 SET character_set_client = @saved_cs_client */;

--
-- Dumping data for table `django_session`
--

LOCK TABLES `django_session` WRITE;
/*!40000 ALTER TABLE `django_session` DISABLE KEYS */;
INSERT INTO `django_session` VALUES ('g3yn6777f9qp3x20v25oz6ozit6hoyev','.eJxVjDkOwjAQAP-yNbLsjc-U9LzBWl84gGwpTirE31GkFNDOjOYNnvat-n3k1S8JZhBw-WWB4jO3Q6QHtXtnsbdtXQI7EnbawW495df1bP8GlUaFGXKQRSicDLdaaYzC0RRKlFZO0gkZkzIKZbIauVVJF-TEAxluDGZn0cDnC7mFNoc:1w0q4e:01s8lsFjZTNQN9fQCpKbYgUmi_E8gQcZrZOPlD4OL_o','2026-03-27 00:08:16.343503');
/*!40000 ALTER TABLE `django_session` ENABLE KEYS */;
UNLOCK TABLES;

--
-- Table structure for table `empleado`
--

DROP TABLE IF EXISTS `empleado`;
/*!40101 SET @saved_cs_client     = @@character_set_client */;
/*!50503 SET character_set_client = utf8mb4 */;
CREATE TABLE `empleado` (
  `id` bigint NOT NULL AUTO_INCREMENT,
  `nombres` varchar(150) CHARACTER SET utf8mb4 COLLATE utf8mb4_unicode_ci NOT NULL,
  `apellidos` varchar(150) CHARACTER SET utf8mb4 COLLATE utf8mb4_unicode_ci NOT NULL,
  `tipo_documento` varchar(3) CHARACTER SET utf8mb4 COLLATE utf8mb4_unicode_ci NOT NULL,
  `cedula` varchar(20) CHARACTER SET utf8mb4 COLLATE utf8mb4_unicode_ci NOT NULL,
  `telefono` varchar(20) CHARACTER SET utf8mb4 COLLATE utf8mb4_unicode_ci DEFAULT NULL,
  `correo` varchar(254) CHARACTER SET utf8mb4 COLLATE utf8mb4_unicode_ci NOT NULL,
  `cargo` varchar(20) CHARACTER SET utf8mb4 COLLATE utf8mb4_unicode_ci NOT NULL,
  `activo` tinyint(1) NOT NULL,
  `fecha_registro` datetime(6) NOT NULL,
  PRIMARY KEY (`id`),
  UNIQUE KEY `cedula` (`cedula`),
  UNIQUE KEY `correo` (`correo`)
) ENGINE=InnoDB AUTO_INCREMENT=2 DEFAULT CHARSET=utf8mb4 COLLATE=utf8mb4_unicode_ci;
/*!40101 SET character_set_client = @saved_cs_client */;

--
-- Dumping data for table `empleado`
--

LOCK TABLES `empleado` WRITE;
/*!40000 ALTER TABLE `empleado` DISABLE KEYS */;
INSERT INTO `empleado` VALUES (1,'PEPE','RODRIGUEZ','CC','1054283661','3107928074','pepe@gmail.comn','MECANICO',1,'2026-03-13 00:28:11.881226');
/*!40000 ALTER TABLE `empleado` ENABLE KEYS */;
UNLOCK TABLES;

--
-- Table structure for table `factura`
--

DROP TABLE IF EXISTS `factura`;
/*!40101 SET @saved_cs_client     = @@character_set_client */;
/*!50503 SET character_set_client = utf8mb4 */;
CREATE TABLE `factura` (
  `id` bigint NOT NULL AUTO_INCREMENT,
  `tipo` varchar(10) CHARACTER SET utf8mb4 COLLATE utf8mb4_unicode_ci NOT NULL,
  `numero_factura` varchar(20) CHARACTER SET utf8mb4 COLLATE utf8mb4_unicode_ci NOT NULL,
  `fecha_emision` datetime(6) NOT NULL,
  `cantidad` int unsigned DEFAULT NULL,
  `subtotal` decimal(12,2) NOT NULL,
  `iva` decimal(12,2) NOT NULL,
  `total` decimal(12,2) NOT NULL,
  `estado_pago` varchar(10) CHARACTER SET utf8mb4 COLLATE utf8mb4_unicode_ci NOT NULL,
  `metodo_pago` varchar(20) CHARACTER SET utf8mb4 COLLATE utf8mb4_unicode_ci DEFAULT NULL,
  `fecha_pago` datetime(6) DEFAULT NULL,
  `orden_servicio_id` bigint DEFAULT NULL,
  `producto_id` bigint DEFAULT NULL,
  PRIMARY KEY (`id`),
  UNIQUE KEY `numero_factura` (`numero_factura`),
  KEY `factura_orden_servicio_id_35d209fc_fk_orden_servicio_id` (`orden_servicio_id`),
  KEY `factura_producto_id_8e907400_fk_producto_id` (`producto_id`),
  CONSTRAINT `factura_orden_servicio_id_35d209fc_fk_orden_servicio_id` FOREIGN KEY (`orden_servicio_id`) REFERENCES `orden_servicio` (`id`),
  CONSTRAINT `factura_producto_id_8e907400_fk_producto_id` FOREIGN KEY (`producto_id`) REFERENCES `producto` (`id`),
  CONSTRAINT `factura_chk_1` CHECK ((`cantidad` >= 0))
) ENGINE=InnoDB AUTO_INCREMENT=3 DEFAULT CHARSET=utf8mb4 COLLATE=utf8mb4_unicode_ci;
/*!40101 SET character_set_client = @saved_cs_client */;

--
-- Dumping data for table `factura`
--

LOCK TABLES `factura` WRITE;
/*!40000 ALTER TABLE `factura` DISABLE KEYS */;
INSERT INTO `factura` VALUES (1,'PRODUCTO','12345678','2026-03-13 00:33:34.882963',50,2500000.00,475000.00,2975000.00,'Pagada','Daviplata','2026-03-13 00:42:18.388246',NULL,1),(2,'SERVICIO','123456','2026-03-13 00:36:37.142922',1,27560000.00,5236400.00,32796400.00,'Pagada','TarjetaCredito','2026-03-13 00:36:49.121569',1,NULL);
/*!40000 ALTER TABLE `factura` ENABLE KEYS */;
UNLOCK TABLES;

--
-- Table structure for table `marca`
--

DROP TABLE IF EXISTS `marca`;
/*!40101 SET @saved_cs_client     = @@character_set_client */;
/*!50503 SET character_set_client = utf8mb4 */;
CREATE TABLE `marca` (
  `id` bigint NOT NULL AUTO_INCREMENT,
  `nombre` varchar(50) CHARACTER SET utf8mb4 COLLATE utf8mb4_unicode_ci NOT NULL,
  `categoria` varchar(10) CHARACTER SET utf8mb4 COLLATE utf8mb4_unicode_ci NOT NULL,
  `pais_origen` varchar(50) CHARACTER SET utf8mb4 COLLATE utf8mb4_unicode_ci DEFAULT NULL,
  `logo` varchar(100) CHARACTER SET utf8mb4 COLLATE utf8mb4_unicode_ci DEFAULT NULL,
  `descripcion` longtext CHARACTER SET utf8mb4 COLLATE utf8mb4_unicode_ci,
  `estado` tinyint(1) NOT NULL,
  `fecha_creacion` datetime(6) NOT NULL,
  PRIMARY KEY (`id`),
  UNIQUE KEY `nombre` (`nombre`)
) ENGINE=InnoDB AUTO_INCREMENT=3 DEFAULT CHARSET=utf8mb4 COLLATE=utf8mb4_unicode_ci;
/*!40101 SET character_set_client = @saved_cs_client */;

--
-- Dumping data for table `marca`
--

LOCK TABLES `marca` WRITE;
/*!40000 ALTER TABLE `marca` DISABLE KEYS */;
INSERT INTO `marca` VALUES (1,'Toyota','AUTO','mexico','marcas_logos/logo_toyota.png','buena marcaaaaa',1,'2026-03-13 00:24:47.404646'),(2,'aceite','REPUESTO','colombia','marcas_logos/Aceite-3000.png','aceite de buena calidad',1,'2026-03-13 00:25:56.435928');
/*!40000 ALTER TABLE `marca` ENABLE KEYS */;
UNLOCK TABLES;

--
-- Table structure for table `notificacion`
--

DROP TABLE IF EXISTS `notificacion`;
/*!40101 SET @saved_cs_client     = @@character_set_client */;
/*!50503 SET character_set_client = utf8mb4 */;
CREATE TABLE `notificacion` (
  `id` bigint NOT NULL AUTO_INCREMENT,
  `tipo` varchar(50) CHARACTER SET utf8mb4 COLLATE utf8mb4_unicode_ci NOT NULL,
  `origen` varchar(10) CHARACTER SET utf8mb4 COLLATE utf8mb4_unicode_ci NOT NULL,
  `titulo` varchar(150) CHARACTER SET utf8mb4 COLLATE utf8mb4_unicode_ci NOT NULL,
  `mensaje` longtext CHARACTER SET utf8mb4 COLLATE utf8mb4_unicode_ci NOT NULL,
  `leido` tinyint(1) NOT NULL,
  `fecha` datetime(6) NOT NULL,
  `vehiculo_id` bigint DEFAULT NULL,
  PRIMARY KEY (`id`),
  KEY `notificacion_vehiculo_id_eeb53247_fk_vehiculo_id` (`vehiculo_id`),
  CONSTRAINT `notificacion_vehiculo_id_eeb53247_fk_vehiculo_id` FOREIGN KEY (`vehiculo_id`) REFERENCES `vehiculo` (`id`)
) ENGINE=InnoDB AUTO_INCREMENT=2 DEFAULT CHARSET=utf8mb4 COLLATE=utf8mb4_unicode_ci;
/*!40101 SET character_set_client = @saved_cs_client */;

--
-- Dumping data for table `notificacion`
--

LOCK TABLES `notificacion` WRITE;
/*!40000 ALTER TABLE `notificacion` DISABLE KEYS */;
INSERT INTO `notificacion` VALUES (1,'Mantenimiento','SISTEMA','Mantenimiento próximo — CRD047','El vehículo CRD047 (Toyota 2020) tiene 5000 km actuales. Próximo mantenimiento a los 5000 km (faltan aprox. 0 km).',1,'2026-03-13 00:28:37.543492',1);
/*!40000 ALTER TABLE `notificacion` ENABLE KEYS */;
UNLOCK TABLES;

--
-- Table structure for table `orden_servicio`
--

DROP TABLE IF EXISTS `orden_servicio`;
/*!40101 SET @saved_cs_client     = @@character_set_client */;
/*!50503 SET character_set_client = utf8mb4 */;
CREATE TABLE `orden_servicio` (
  `id` bigint NOT NULL AUTO_INCREMENT,
  `fecha` datetime(6) NOT NULL,
  `km_actual` int NOT NULL,
  `estado` varchar(20) CHARACTER SET utf8mb4 COLLATE utf8mb4_unicode_ci NOT NULL,
  `empleado_id` bigint DEFAULT NULL,
  `servicio_id` bigint NOT NULL,
  `vehiculo_id` bigint NOT NULL,
  PRIMARY KEY (`id`),
  KEY `orden_servicio_vehiculo_id_1f8a455d_fk_vehiculo_id` (`vehiculo_id`),
  KEY `orden_servicio_empleado_id_e6e8f574_fk_empleado_id` (`empleado_id`),
  KEY `orden_servicio_servicio_id_72d15734_fk_tipo_servicio_id` (`servicio_id`),
  CONSTRAINT `orden_servicio_empleado_id_e6e8f574_fk_empleado_id` FOREIGN KEY (`empleado_id`) REFERENCES `empleado` (`id`),
  CONSTRAINT `orden_servicio_servicio_id_72d15734_fk_tipo_servicio_id` FOREIGN KEY (`servicio_id`) REFERENCES `tipo_servicio` (`id`),
  CONSTRAINT `orden_servicio_vehiculo_id_1f8a455d_fk_vehiculo_id` FOREIGN KEY (`vehiculo_id`) REFERENCES `vehiculo` (`id`)
) ENGINE=InnoDB AUTO_INCREMENT=2 DEFAULT CHARSET=utf8mb4 COLLATE=utf8mb4_unicode_ci;
/*!40101 SET character_set_client = @saved_cs_client */;

--
-- Dumping data for table `orden_servicio`
--

LOCK TABLES `orden_servicio` WRITE;
/*!40000 ALTER TABLE `orden_servicio` DISABLE KEYS */;
INSERT INTO `orden_servicio` VALUES (1,'2026-03-13 00:28:21.000000',5000,'Terminado',1,1,1);
/*!40000 ALTER TABLE `orden_servicio` ENABLE KEYS */;
UNLOCK TABLES;

--
-- Table structure for table `producto`
--

DROP TABLE IF EXISTS `producto`;
/*!40101 SET @saved_cs_client     = @@character_set_client */;
/*!50503 SET character_set_client = utf8mb4 */;
CREATE TABLE `producto` (
  `id` bigint NOT NULL AUTO_INCREMENT,
  `nombre` varchar(100) CHARACTER SET utf8mb4 COLLATE utf8mb4_unicode_ci NOT NULL,
  `descripcion` longtext CHARACTER SET utf8mb4 COLLATE utf8mb4_unicode_ci,
  `precio` decimal(10,2) NOT NULL,
  `stock` int unsigned NOT NULL,
  `stock_minimo` int unsigned NOT NULL,
  `codigo` varchar(20) CHARACTER SET utf8mb4 COLLATE utf8mb4_unicode_ci NOT NULL,
  `estado` tinyint(1) NOT NULL,
  `marca_id` bigint NOT NULL,
  `proveedor_id` bigint DEFAULT NULL,
  PRIMARY KEY (`id`),
  UNIQUE KEY `nombre` (`nombre`),
  UNIQUE KEY `codigo` (`codigo`),
  KEY `producto_marca_id_2793ee53_fk_marca_id` (`marca_id`),
  KEY `producto_proveedor_id_a09ce3bf_fk_proveedor_id` (`proveedor_id`),
  CONSTRAINT `producto_marca_id_2793ee53_fk_marca_id` FOREIGN KEY (`marca_id`) REFERENCES `marca` (`id`),
  CONSTRAINT `producto_proveedor_id_a09ce3bf_fk_proveedor_id` FOREIGN KEY (`proveedor_id`) REFERENCES `proveedor` (`id`),
  CONSTRAINT `producto_chk_1` CHECK ((`stock` >= 0)),
  CONSTRAINT `producto_chk_2` CHECK ((`stock_minimo` >= 0))
) ENGINE=InnoDB AUTO_INCREMENT=2 DEFAULT CHARSET=utf8mb4 COLLATE=utf8mb4_unicode_ci;
/*!40101 SET character_set_client = @saved_cs_client */;

--
-- Dumping data for table `producto`
--

LOCK TABLES `producto` WRITE;
/*!40000 ALTER TABLE `producto` DISABLE KEYS */;
INSERT INTO `producto` VALUES (1,'aceite mobil','aceite mobil 2 tiempos',50000.00,4900,2,'123456',1,2,1);
/*!40000 ALTER TABLE `producto` ENABLE KEYS */;
UNLOCK TABLES;

--
-- Table structure for table `proveedor`
--

DROP TABLE IF EXISTS `proveedor`;
/*!40101 SET @saved_cs_client     = @@character_set_client */;
/*!50503 SET character_set_client = utf8mb4 */;
CREATE TABLE `proveedor` (
  `id` bigint NOT NULL AUTO_INCREMENT,
  `nombre` varchar(100) CHARACTER SET utf8mb4 COLLATE utf8mb4_unicode_ci NOT NULL,
  `nit` varchar(20) CHARACTER SET utf8mb4 COLLATE utf8mb4_unicode_ci NOT NULL,
  `telefono` varchar(20) CHARACTER SET utf8mb4 COLLATE utf8mb4_unicode_ci NOT NULL,
  `direccion` varchar(150) CHARACTER SET utf8mb4 COLLATE utf8mb4_unicode_ci NOT NULL,
  PRIMARY KEY (`id`),
  UNIQUE KEY `nit` (`nit`)
) ENGINE=InnoDB AUTO_INCREMENT=2 DEFAULT CHARSET=utf8mb4 COLLATE=utf8mb4_unicode_ci;
/*!40101 SET character_set_client = @saved_cs_client */;

--
-- Dumping data for table `proveedor`
--

LOCK TABLES `proveedor` WRITE;
/*!40000 ALTER TABLE `proveedor` DISABLE KEYS */;
INSERT INTO `proveedor` VALUES (1,'pepe','123456789','+573107928074','calle50');
/*!40000 ALTER TABLE `proveedor` ENABLE KEYS */;
UNLOCK TABLES;

--
-- Table structure for table `tipo_servicio`
--

DROP TABLE IF EXISTS `tipo_servicio`;
/*!40101 SET @saved_cs_client     = @@character_set_client */;
/*!50503 SET character_set_client = utf8mb4 */;
CREATE TABLE `tipo_servicio` (
  `id` bigint NOT NULL AUTO_INCREMENT,
  `nombre` varchar(100) CHARACTER SET utf8mb4 COLLATE utf8mb4_unicode_ci NOT NULL,
  `precio_mano_obra` decimal(12,2) NOT NULL,
  `intervalo_km` int unsigned NOT NULL,
  PRIMARY KEY (`id`),
  CONSTRAINT `tipo_servicio_chk_1` CHECK ((`intervalo_km` >= 0))
) ENGINE=InnoDB AUTO_INCREMENT=2 DEFAULT CHARSET=utf8mb4 COLLATE=utf8mb4_unicode_ci;
/*!40101 SET character_set_client = @saved_cs_client */;

--
-- Dumping data for table `tipo_servicio`
--

LOCK TABLES `tipo_servicio` WRITE;
/*!40000 ALTER TABLE `tipo_servicio` DISABLE KEYS */;
INSERT INTO `tipo_servicio` VALUES (1,'CAMBIO DE ACEITE',60000.00,50000);
/*!40000 ALTER TABLE `tipo_servicio` ENABLE KEYS */;
UNLOCK TABLES;

--
-- Table structure for table `usuario_sistema`
--

DROP TABLE IF EXISTS `usuario_sistema`;
/*!40101 SET @saved_cs_client     = @@character_set_client */;
/*!50503 SET character_set_client = utf8mb4 */;
CREATE TABLE `usuario_sistema` (
  `id` bigint NOT NULL AUTO_INCREMENT,
  `password` varchar(128) CHARACTER SET utf8mb4 COLLATE utf8mb4_unicode_ci NOT NULL,
  `last_login` datetime(6) DEFAULT NULL,
  `is_superuser` tinyint(1) NOT NULL,
  `username` varchar(150) CHARACTER SET utf8mb4 COLLATE utf8mb4_unicode_ci NOT NULL,
  `first_name` varchar(150) CHARACTER SET utf8mb4 COLLATE utf8mb4_unicode_ci NOT NULL,
  `last_name` varchar(150) CHARACTER SET utf8mb4 COLLATE utf8mb4_unicode_ci NOT NULL,
  `email` varchar(254) CHARACTER SET utf8mb4 COLLATE utf8mb4_unicode_ci NOT NULL,
  `is_staff` tinyint(1) NOT NULL,
  `is_active` tinyint(1) NOT NULL,
  `date_joined` datetime(6) NOT NULL,
  `tipo_documento` varchar(3) CHARACTER SET utf8mb4 COLLATE utf8mb4_unicode_ci NOT NULL,
  `cedula` varchar(20) CHARACTER SET utf8mb4 COLLATE utf8mb4_unicode_ci DEFAULT NULL,
  `telefono` varchar(20) CHARACTER SET utf8mb4 COLLATE utf8mb4_unicode_ci DEFAULT NULL,
  `cargo` varchar(20) CHARACTER SET utf8mb4 COLLATE utf8mb4_unicode_ci NOT NULL,
  PRIMARY KEY (`id`),
  UNIQUE KEY `username` (`username`),
  UNIQUE KEY `cedula` (`cedula`)
) ENGINE=InnoDB AUTO_INCREMENT=2 DEFAULT CHARSET=utf8mb4 COLLATE=utf8mb4_unicode_ci;
/*!40101 SET character_set_client = @saved_cs_client */;

--
-- Dumping data for table `usuario_sistema`
--

LOCK TABLES `usuario_sistema` WRITE;
/*!40000 ALTER TABLE `usuario_sistema` DISABLE KEYS */;
INSERT INTO `usuario_sistema` VALUES (1,'pbkdf2_sha256$1200000$y9JM4XSaNletyoLY5YZYol$sV6rasPNnH0tC29HaIi7xp2NvYgaZdQRfAEGDZeNSF4=','2026-03-13 00:08:16.249366',1,'Daniel','','','daniel@gmail.com',1,1,'2026-03-13 00:07:53.122809','CC',NULL,NULL,'ADMIN');
/*!40000 ALTER TABLE `usuario_sistema` ENABLE KEYS */;
UNLOCK TABLES;

--
-- Table structure for table `usuario_sistema_groups`
--

DROP TABLE IF EXISTS `usuario_sistema_groups`;
/*!40101 SET @saved_cs_client     = @@character_set_client */;
/*!50503 SET character_set_client = utf8mb4 */;
CREATE TABLE `usuario_sistema_groups` (
  `id` bigint NOT NULL AUTO_INCREMENT,
  `usuariosistema_id` bigint NOT NULL,
  `group_id` int NOT NULL,
  PRIMARY KEY (`id`),
  UNIQUE KEY `usuario_sistema_groups_usuariosistema_id_group_id_22de142c_uniq` (`usuariosistema_id`,`group_id`),
  KEY `usuario_sistema_groups_group_id_3639004b_fk_auth_group_id` (`group_id`),
  CONSTRAINT `usuario_sistema_grou_usuariosistema_id_dcbe40e6_fk_usuario_s` FOREIGN KEY (`usuariosistema_id`) REFERENCES `usuario_sistema` (`id`),
  CONSTRAINT `usuario_sistema_groups_group_id_3639004b_fk_auth_group_id` FOREIGN KEY (`group_id`) REFERENCES `auth_group` (`id`)
) ENGINE=InnoDB DEFAULT CHARSET=utf8mb4 COLLATE=utf8mb4_unicode_ci;
/*!40101 SET character_set_client = @saved_cs_client */;

--
-- Dumping data for table `usuario_sistema_groups`
--

LOCK TABLES `usuario_sistema_groups` WRITE;
/*!40000 ALTER TABLE `usuario_sistema_groups` DISABLE KEYS */;
/*!40000 ALTER TABLE `usuario_sistema_groups` ENABLE KEYS */;
UNLOCK TABLES;

--
-- Table structure for table `usuario_sistema_user_permissions`
--

DROP TABLE IF EXISTS `usuario_sistema_user_permissions`;
/*!40101 SET @saved_cs_client     = @@character_set_client */;
/*!50503 SET character_set_client = utf8mb4 */;
CREATE TABLE `usuario_sistema_user_permissions` (
  `id` bigint NOT NULL AUTO_INCREMENT,
  `usuariosistema_id` bigint NOT NULL,
  `permission_id` int NOT NULL,
  PRIMARY KEY (`id`),
  UNIQUE KEY `usuario_sistema_user_per_usuariosistema_id_permis_4d7098b0_uniq` (`usuariosistema_id`,`permission_id`),
  KEY `usuario_sistema_user_permission_id_408f8403_fk_auth_perm` (`permission_id`),
  CONSTRAINT `usuario_sistema_user_permission_id_408f8403_fk_auth_perm` FOREIGN KEY (`permission_id`) REFERENCES `auth_permission` (`id`),
  CONSTRAINT `usuario_sistema_user_usuariosistema_id_1619ab8b_fk_usuario_s` FOREIGN KEY (`usuariosistema_id`) REFERENCES `usuario_sistema` (`id`)
) ENGINE=InnoDB DEFAULT CHARSET=utf8mb4 COLLATE=utf8mb4_unicode_ci;
/*!40101 SET character_set_client = @saved_cs_client */;

--
-- Dumping data for table `usuario_sistema_user_permissions`
--

LOCK TABLES `usuario_sistema_user_permissions` WRITE;
/*!40000 ALTER TABLE `usuario_sistema_user_permissions` DISABLE KEYS */;
/*!40000 ALTER TABLE `usuario_sistema_user_permissions` ENABLE KEYS */;
UNLOCK TABLES;

--
-- Table structure for table `vehiculo`
--

DROP TABLE IF EXISTS `vehiculo`;
/*!40101 SET @saved_cs_client     = @@character_set_client */;
/*!50503 SET character_set_client = utf8mb4 */;
CREATE TABLE `vehiculo` (
  `id` bigint NOT NULL AUTO_INCREMENT,
  `placa` varchar(10) CHARACTER SET utf8mb4 COLLATE utf8mb4_unicode_ci NOT NULL,
  `modelo` varchar(50) CHARACTER SET utf8mb4 COLLATE utf8mb4_unicode_ci NOT NULL,
  `km_ultimo_servicio` int NOT NULL,
  `km_proximo_mantenimiento` int DEFAULT NULL,
  `cliente_id` bigint NOT NULL,
  `marca_id` bigint NOT NULL,
  PRIMARY KEY (`id`),
  UNIQUE KEY `placa` (`placa`),
  KEY `vehiculo_cliente_id_967a1a09_fk_cliente_id` (`cliente_id`),
  KEY `vehiculo_marca_id_4c86da34_fk_marca_id` (`marca_id`),
  CONSTRAINT `vehiculo_cliente_id_967a1a09_fk_cliente_id` FOREIGN KEY (`cliente_id`) REFERENCES `cliente` (`id`),
  CONSTRAINT `vehiculo_marca_id_4c86da34_fk_marca_id` FOREIGN KEY (`marca_id`) REFERENCES `marca` (`id`)
) ENGINE=InnoDB AUTO_INCREMENT=2 DEFAULT CHARSET=utf8mb4 COLLATE=utf8mb4_unicode_ci;
/*!40101 SET character_set_client = @saved_cs_client */;

--
-- Dumping data for table `vehiculo`
--

LOCK TABLES `vehiculo` WRITE;
/*!40000 ALTER TABLE `vehiculo` DISABLE KEYS */;
INSERT INTO `vehiculo` VALUES (1,'CRD047','2020',5000,5000,1,1);
/*!40000 ALTER TABLE `vehiculo` ENABLE KEYS */;
UNLOCK TABLES;
/*!40103 SET TIME_ZONE=@OLD_TIME_ZONE */;

/*!40101 SET SQL_MODE=@OLD_SQL_MODE */;
/*!40014 SET FOREIGN_KEY_CHECKS=@OLD_FOREIGN_KEY_CHECKS */;
/*!40014 SET UNIQUE_CHECKS=@OLD_UNIQUE_CHECKS */;
/*!40101 SET CHARACTER_SET_CLIENT=@OLD_CHARACTER_SET_CLIENT */;
/*!40101 SET CHARACTER_SET_RESULTS=@OLD_CHARACTER_SET_RESULTS */;
/*!40101 SET COLLATION_CONNECTION=@OLD_COLLATION_CONNECTION */;
/*!40111 SET SQL_NOTES=@OLD_SQL_NOTES */;

-- Dump completed on 2026-03-12 19:52:10
